DateHeure(UTC);DateHeure;TTW;Latitude;Longitude;HDG;TWA;MODE;BestUpVMG;BestDwnVMG;Speed(kt);TWD;TWS(kt);DTG(nm);DTF(nm);Voile;EffetBoost;DureeChangementVoile;RatioChangementVoile;DureeChangementAmure;RatioChangementAmure;CoeffDuree;PerteEnergie;GainEnergie;EnergieFinIteration
2025-01-18 17:23;2025-01-18 18:23;T+00:00;-12,9691667556763;-33,1797218322754;354;100;HDG;50;135;10,03;94;8,23;0,00;3941,91;Code 0;;;;;;;;1,58;100,00
2025-01-18 17:33;2025-01-18 18:33;T+00:10;-12,9413095141657;-33,1827261561598;355;99;HDG;50;135;10,10;94;8,34;1,68;3940,44;Code 0;;;;;;;;1,57;100,00
2025-01-18 17:43;2025-01-18 18:43;T+00:20;-12,9131996301625;-33,1852493416364;355;100;HDG;50;135;10,16;94;8,44;3,37;3938,95;Code 0;;;;;;;;1,56;100,00
2025-01-18 17:53;2025-01-18 18:53;T+00:30;-12,884925360285;-33,1877869965683;355;100;HDG;49;136;10,23;94;8,53;5,07;3937,45;Code 0;;;;;;;;1,55;100,00
2025-01-18 18:03;2025-01-18 19:03;T+00:40;-12,8564867065282;-33,1903391164571;355;100;HDG;49;136;10,30;94;8,60;6,78;3935,95;Code 0;;;;;;;;1,55;100,00
2025-01-18 18:13;2025-01-18 19:13;T+00:50;-12,827993258337;-33,19289586383;355;98;HDG;49;136;10,30;92;8,64;8,49;3934,43;Code 0;;;;;;;;1,54;100,00
2025-01-18 18:23;2025-01-18 19:23;T+01:00;-12,7993354242715;-33,1954670699257;355;96;HDG;49;137;10,36;91;8,71;10,22;3932,92;Code 0;;;;;;;;1,54;100,00
2025-01-18 18:33;2025-01-18 19:33;T+01:10;-12,7705862647216;-33,198046176412;354;96;HDG;48;138;10,43;89;8,79;11,94;3931,39;Code 0;;;;;;;;1,53;100,00
2025-01-18 18:43;2025-01-18 19:43;T+01:20;-12,7417212701512;-33,2011567173742;354;95;HDG;48;138;10,49;88;8,90;13,68;3929,87;Code 0;;;;;;;;1,52;100,00
2025-01-18 18:53;2025-01-18 19:53;T+01:30;-12,7126198357936;-33,2042923790824;355;93;HDG;47;139;10,56;87;9,04;15,44;3928,34;Code 0;;;;;;;;1,51;100,00
2025-01-18 19:03;2025-01-18 20:03;T+01:40;-12,6831052308643;-33,2069392451896;356;91;HDG;46;140;10,75;86;9,18;17,21;3926,78;Code 0;;;;;;;;1,50;100,00
2025-01-18 19:13;2025-01-18 20:13;T+01:50;-12,6531853908312;-33,2090835851355;355;91;HDG;45;140;10,85;85;9,30;19,01;3925,18;Code 0;;;;;;;;1,49;100,00
2025-01-18 19:23;2025-01-18 20:23;T+02:00;-12,6230094830685;-33,2117891231835;355;90;HDG;45;140;10,96;84;9,40;20,82;3923,58;Code 0;;;;;;;;1,48;100,00
2025-01-18 19:33;2025-01-18 20:33;T+02:10;-12,5925860281588;-33,214516533305;354;90;HDG;45;140;11,06;84;9,49;22,65;3921,97;Code 0;;;;;;;;1,47;100,00
2025-01-18 19:43;2025-01-18 20:43;T+02:20;-12,5619911158138;-33,2178111827719;354;90;HDG;45;140;11,15;83;9,57;24,49;3920,36;Code 0;;;;;;;;1,46;100,00
2025-01-18 19:53;2025-01-18 20:53;T+02:30;-12,5311896313237;-33,2211276814682;353;90;HDG;45;140;11,15;83;9,62;26,35;3918,74;Code 0;;;;;;;;1,46;100,00
2025-01-18 20:03;2025-01-18 21:03;T+02:40;-12,5003556989717;-33,2250056978081;353;90;HDG;45;140;11,25;82;9,66;28,21;3917,14;Code 0;;;;;;;;1,45;100,00
2025-01-18 20:13;2025-01-18 21:13;T+02:50;-12,4695462513533;-33,2288801726059;353;90;HDG;45;140;11,15;83;9,59;30,07;3915,53;Code 0;;;;;;;;1,46;100,00
2025-01-18 20:23;2025-01-18 21:23;T+03:00;-12,4389033991584;-33,2327332399729;354;90;HDG;45;140;11,06;83;9,52;31,92;3913,93;Code 0;;;;;;;;1,47;100,00
2025-01-18 20:33;2025-01-18 21:33;T+03:10;-12,4083608415695;-33,2360202967735;355;89;HDG;45;140;11,04;84;9,48;33,76;3912,33;Code 0;;;;;;;;1,47;100,00
2025-01-18 20:43;2025-01-18 21:43;T+03:20;-12,3778308397595;-33,2387549861371;355;90;HDG;45;140;10,96;85;9,44;35,59;3910,71;Code 0;;;;;;;;1,47;100,00
2025-01-18 20:53;2025-01-18 21:53;T+03:30;-12,3475221792412;-33,2414695326079;356;90;HDG;45;140;10,96;86;9,43;37,42;3909,11;Code 0;;;;;;;;1,48;100,00
2025-01-18 21:03;2025-01-18 22:03;T+03:40;-12,3171448929153;-33,2436438312478;357;90;HDG;45;140;11,06;87;9,47;39,24;3907,49;Code 0;;;;;;;;1,47;100,00
2025-01-18 21:13;2025-01-18 22:13;T+03:50;-12,286436350238;-33,2452909609315;358;90;HDG;45;140;11,15;88;9,59;41,08;3905,83;Code 0;;;;;;;;1,46;100,00
2025-01-18 21:23;2025-01-18 22:23;T+04:00;-12,2553722135589;-33,2464010523374;359;90;HDG;45;140;11,25;88;9,71;42,94;3904,15;Code 0;;;;;;;;1,45;100,00
2025-01-18 21:33;2025-01-18 22:33;T+04:10;-12,2238411593646;-33,2469641784227;359;90;HDG;45;140;11,45;88;9,94;44,82;3902,43;Code 0;;;;;;;;1,43;100,00
2025-01-18 21:43;2025-01-18 22:43;T+04:20;-12,1916593192911;-33,247538858868;358;91;HDG;45;140;11,69;88;10,18;46,75;3900,67;Code 0;;;;;;;;1,41;100,00
2025-01-18 21:53;2025-01-18 22:53;T+04:30;-12,1590045116073;-33,2487053742156;357;92;HDG;45;140;11,84;88;10,41;48,70;3898,90;Code 0;;;;;;;;1,39;100,00
2025-01-18 22:03;2025-01-18 23:03;T+04:40;-12,1259123012167;-33,2504792920914;356;93;HDG;45;140;12,00;88;10,62;50,69;3897,12;Code 0;;;;;;;;1,37;100,00
2025-01-18 22:13;2025-01-18 23:13;T+04:50;-12,0924157558546;-33,2528748382701;352;97;HDG;45;140;12,17;88;10,81;52,70;3895,34;Code 0;;;;;;;;1,35;100,00
2025-01-18 22:23;2025-01-18 23:23;T+05:00;-12,058742307197;-33,2577143413675;351;97;HDG;45;140;12,35;88;10,98;54,73;3893,60;Code 0;;;;;;;;1,33;100,00
2025-01-18 22:33;2025-01-18 23:33;T+05:10;-12,0247190648475;-33,2632242518591;351;97;HDG;45;140;12,45;88;11,14;56,79;3891,85;Code 0;;;;;;;;1,32;100,00
2025-01-18 22:43;2025-01-18 23:43;T+05:20;-11,9902855392559;-33,2687998965786;350;98;HDG;45;140;12,66;88;11,26;58,87;3890,09;Code 0;;;;;;;;1,31;100,00
2025-01-18 22:53;2025-01-18 23:53;T+05:30;-11,9556484060842;-33,2750430869874;351;96;HDG;45;140;12,64;87;11,32;60,97;3888,33;Code 0;;;;;;;;1,30;100,00
2025-01-18 23:03;2025-01-19 00:03;T+05:40;-11,9208404555373;-33,2806779161688;349;98;HDG;45;140;12,76;86;11,38;63,08;3886,55;Code 0;;;;;;;;1,30;100,00
2025-01-18 23:13;2025-01-19 00:13;T+05:50;-11,8860696522142;-33,2875851120773;349;97;HDG;45;140;12,85;85;11,45;65,19;3884,80;Code 0;;;;;;;;1,29;100,00
2025-01-18 23:23;2025-01-19 00:23;T+06:00;-11,8510588801152;-33,2945390864017;348;97;HDG;45;140;12,85;84;11,53;67,32;3883,04;Code 0;;;;;;;;1,28;100,00
2025-01-18 23:33;2025-01-19 00:33;T+06:10;-11,8160066809705;-33,3021513433457;348;96;HDG;45;140;12,93;83;11,60;69,45;3881,29;Code 0;;;;;;;;1,28;100,00
2025-01-18 23:43;2025-01-19 00:43;T+06:20;-11,7808069595394;-33,3097946573735;350;93;HDG;45;140;12,98;82;11,68;71,60;3879,53;Code 0;;;;;;;;1,27;100,00
2025-01-18 23:53;2025-01-19 00:53;T+06:30;-11,7452897332935;-33,3161915544428;349;93;HDG;45;140;13,07;82;11,76;73,75;3877,73;Code 0;;;;;;;;1,26;100,00
2025-01-19 00:03;2025-01-19 01:03;T+06:40;-11,709634012672;-33,3232699894579;349;93;HDG;45;140;13,07;82;11,77;75,92;3875,93;Code 0;;;;;;;;1,26;100,00
2025-01-19 00:13;2025-01-19 01:13;T+06:50;-11,6741211951911;-33,3303191477672;349;94;HDG;45;140;13,00;82;11,70;78,08;3874,15;Code 0;;;;;;;;1,27;100,00
2025-01-19 00:23;2025-01-19 01:23;T+07:00;-11,6387598508635;-33,3373373424323;351;92;HDG;45;140;12,87;83;11,63;80,23;3872,37;Code 0;;;;;;;;1,27;100,00
2025-01-19 00:33;2025-01-19 01:33;T+07:10;-11,6034263155346;-33,343050657271;352;92;HDG;45;140;12,87;83;11,58;82,38;3870,56;Code 0;;;;;;;;1,28;100,00
2025-01-19 00:43;2025-01-19 01:43;T+07:20;-11,5680916867101;-33,3481198193023;354;90;HDG;45;140;12,76;83;11,54;84,51;3868,74;Code 0;;;;;;;;1,28;100,00
2025-01-19 00:53;2025-01-19 01:53;T+07:30;-11,532850138464;-33,3519003448973;353;91;HDG;45;140;12,77;84;11,50;86,64;3866,89;Code 0;;;;;;;;1,28;100,00
2025-01-19 01:03;2025-01-19 02:03;T+07:40;-11,4976412957493;-33,3563121753361;352;92;HDG;45;140;12,78;84;11,49;88,76;3865,06;Code 0;;;;;;;;1,29;100,00
2025-01-19 01:13;2025-01-19 02:13;T+07:50;-11,4625296869919;-33,3613474473991;352;91;HDG;45;140;12,68;83;11,44;90,88;3863,25;Code 0;;;;;;;;1,29;100,00
2025-01-19 01:23;2025-01-19 02:23;T+08:00;-11,4276480667636;-33,3663491178201;351;92;HDG;45;140;12,69;82;11,38;92,99;3861,45;Code 0;;;;;;;;1,30;100,00
2025-01-19 01:33;2025-01-19 02:33;T+08:10;-11,3929439278817;-33,3719564570838;351;91;HDG;45;140;12,59;82;11,32;95,10;3859,68;Code 0;;;;;;;;1,30;100,00
2025-01-19 01:43;2025-01-19 02:43;T+08:20;-11,3584008952141;-33,3775370859705;351;90;HDG;45;140;12,49;81;11,24;97,19;3857,91;Code 0;;;;;;;;1,31;100,00
2025-01-19 01:53;2025-01-19 02:53;T+08:30;-11,3241182303493;-33,3830749827074;350;91;HDG;45;140;12,50;80;11,16;99,27;3856,16;Code 0;;;;;;;;1,32;100,00
2025-01-19 02:03;2025-01-19 03:03;T+08:40;-11,2901230783061;-33,3891878093046;355;85;HDG;45;140;12,32;79;11,07;101,33;3854,44;Code 0;;;;;;;;1,33;100,00
2025-01-19 02:13;2025-01-19 03:13;T+08:50;-11,2562448515491;-33,3922100146833;350;89;HDG;45;140;12,30;79;10,96;103,37;3852,65;Code 0;;;;;;;;1,34;100,00
2025-01-19 02:23;2025-01-19 03:23;T+09:00;-11,2227653237579;-33,3982287085198;349;90;HDG;45;140;12,24;78;10,85;105,40;3850,95;Code 0;;;;;;;;1,34;100,00
2025-01-19 02:33;2025-01-19 03:33;T+09:10;-11,1893790757298;-33,4048440688796;353;86;HDG;45;140;12,11;78;10,76;107,44;3849,27;Code 0;;;;;;;;1,35;100,00
2025-01-19 02:43;2025-01-19 03:43;T+09:20;-11,1559749928632;-33,4090245600654;350;89;HDG;45;140;12,08;79;10,68;109,45;3847,54;Code 0;;;;;;;;1,36;100,00
2025-01-19 02:53;2025-01-19 03:53;T+09:30;-11,1229325365334;-33,414962359677;350;89;HDG;45;140;12,00;79;10,62;111,46;3845,86;Code 0;;;;;;;;1,37;100,00
2025-01-19 03:03;2025-01-19 04:03;T+09:40;-11,0900963601304;-33,420862426591;351;89;HDG;45;140;12,00;79;10,56;113,46;3844,20;Code 0;;;;;;;;1,37;100,00
2025-01-19 03:13;2025-01-19 04:13;T+09:50;-11,0571641482169;-33,4261770225673;355;86;HDG;45;140;11,90;80;10,50;115,45;3842,52;Code 0;;;;;;;;1,38;100,00
2025-01-19 03:23;2025-01-19 04:23;T+10:00;-11,0242234255578;-33,429113138033;358;83;HDG;45;140;11,80;81;10,44;117,43;3840,78;Code 0;;;;;;;;1,38;100,00
2025-01-19 03:33;2025-01-19 04:33;T+10:10;-10,9914529961864;-33,4302788866562;358;84;HDG;45;140;11,81;82;10,38;119,39;3839,01;Code 0;;;;;;;;1,39;100,00
2025-01-19 03:43;2025-01-19 04:43;T+10:20;-10,9586514721467;-33,4314456118794;358;85;HDG;45;140;11,76;82;10,33;121,35;3837,24;Code 0;;;;;;;;1,39;100,00
2025-01-19 03:53;2025-01-19 04:53;T+10:30;-10,9260104202267;-33,4326065013385;359;84;HDG;45;140;11,75;82;10,29;123,30;3835,48;Code 0;;;;;;;;1,40;100,00
2025-01-19 04:03;2025-01-19 05:03;T+10:40;-10,8933777798728;-33,4331865536049;358;85;HDG;45;140;11,69;83;10,24;125,24;3833,70;Code 0;;;;;;;;1,40;100,00
2025-01-19 04:13;2025-01-19 05:13;T+10:50;-10,8609282926096;-33,4343403777184;359;85;HDG;45;140;11,69;83;10,20;127,18;3831,95;Code 0;;;;;;;;1,40;100,00
2025-01-19 04:23;2025-01-19 05:23;T+11:00;-10,8284639727914;-33,4349173126018;0;84;HDG;45;140;11,68;83;10,16;129,12;3830,18;Code 0;;;;;;;;1,41;100,00
2025-01-19 04:33;2025-01-19 05:33;T+11:10;-10,7960102650963;-33,4349173077601;359;85;HDG;45;140;11,62;84;10,11;131,05;3828,40;Code 0;;;;;;;;1,41;100,00
2025-01-19 04:43;2025-01-19 05:43;T+11:20;-10,7637375974787;-33,4354907131592;359;85;HDG;45;140;11,62;84;10,07;132,97;3826,64;Code 0;;;;;;;;1,42;100,00
2025-01-19 04:53;2025-01-19 05:53;T+11:30;-10,7314649298626;-33,4360640572557;359;86;HDG;45;140;11,62;84;10,07;134,90;3824,89;Code 0;;;;;;;;1,42;100,00
2025-01-19 05:03;2025-01-19 06:03;T+11:40;-10,6991878168955;-33,4366374192027;356;90;HDG;45;140;11,63;85;10,11;136,82;3823,13;Code 0;;;;;;;;1,41;100,00
2025-01-19 05:13;2025-01-19 06:13;T+11:50;-10,6669666824066;-33,4389301541417;356;90;HDG;45;140;11,70;86;10,16;138,76;3821,42;Code 0;;;;;;;;1,41;100,00
2025-01-19 05:23;2025-01-19 06:23;T+12:00;-10,6345321616582;-33,441237827186;356;91;HDG;45;140;11,69;87;10,23;140,70;3819,69;Code 0;;;;;;;;8,41;100,00
2025-01-19 06:23;2025-01-19 07:23;T+13:00;-10,4372823423377;-33,4552658965666;0;93;HDG;45;140;12,16;92;10,76;152,54;3809,21;Code 0;;;;;;;;8,12;100,00
2025-01-19 07:23;2025-01-19 08:23;T+14:00;-10,2345694736473;-33,4552658820415;0;92;HDG;45;140;12,08;92;10,72;164,62;3798,10;Code 0;;;;;;;;8,14;100,00
2025-01-19 08:23;2025-01-19 09:23;T+15:00;-10,0341395424835;-33,4552658675164;0;93;HDG;45;140;12,00;92;10,56;176,58;3787,12;Code 0;;;;;;;;8,23;100,00
2025-01-19 09:23;2025-01-19 10:23;T+16:00;-9,83280759944835;-33,4552658529913;352;99;HDG;45;140;12,27;91;10,91;188,59;3776,09;Code 0;;;;;;;;8,03;100,00
2025-01-19 10:23;2025-01-19 11:23;T+17:00;-9,62539630734164;-33,4848378433827;348;102;HDG;45;140;13,51;89;12,08;201,12;3765,45;Code 0;;;;;;;;7,40;100,00
2025-01-19 11:23;2025-01-19 12:23;T+18:00;-9,39714657749451;-33,5340243512587;344;108;HDG;45;140;14,54;91;13,14;215,00;3754,14;Code 0;;;;;;;;6,85;100,00
2025-01-19 12:23;2025-01-19 13:23;T+19:00;-9,16120530411885;-33,6025681754976;340;115;HDG;45;140;14,32;95;12,88;229,48;3742,89;Code 0;;;;;;;;6,98;100,00
2025-01-19 13:23;2025-01-19 14:23;T+20:00;-8,94750741453254;-33,6813204201743;340;113;HDG;45;140;12,46;92;11,16;242,73;3733,13;Code 0;;;;;;;;7,90;100,00
2025-01-19 14:23;2025-01-19 15:23;T+21:00;-8,75628381732518;-33,7517521834;336;115;HDG;45;140;12,23;91;10,96;254,62;3724,40;Code 0;;;;;;;;8,01;100,00
2025-01-19 15:23;2025-01-19 16:23;T+22:00;-8,57402541253828;-33,8338278433468;336;110;HDG;45;140;11,34;85;10,01;266,10;3716,46;Code 0;;;;;;;;8,53;100,00
2025-01-19 16:23;2025-01-19 17:23;T+23:00;-8,40342241108328;-33,9106197193596;337;107;HDG;45;140;11,02;84;9,58;276,89;3709,05;Code 0;;;;;;;;8,77;100,00
2025-01-19 17:23;2025-01-19 18:23;T+24:00;-8,23671986989902;-33,9821274394404;333;114;HDG;46;140;10,55;87;9,17;287,42;3701,72;Code 0;;;;;;;;8,99;100,00
2025-01-19 18:23;2025-01-19 19:23;T+25:00;-8,07748250193805;-34,0640853394049;337;111;HDG;45;140;11,24;88;9,94;297,64;3695,08;Code 0;;;;;;;;8,57;100,00
2025-01-19 19:23;2025-01-19 20:23;T+26:00;-7,90266776046259;-34,1390109172902;341;105;HDG;45;140;11,57;85;10,25;308,74;3687,43;Code 0;;;;;;;;8,40;100,00
2025-01-19 20:23;2025-01-19 21:23;T+27:00;-7,71723509961173;-34,2034529744564;333;114;HDG;45;140;12,05;86;10,77;320,36;3678,95;Code 0;;;;;;;;8,12;100,00
2025-01-19 21:23;2025-01-19 22:23;T+28:00;-7,5343741162571;-34,2974482619104;333;113;HDG;45;140;12,46;86;11,20;332,19;3671,36;Code 0;;;;;;;;7,88;100,00
2025-01-19 22:23;2025-01-19 23:23;T+29:00;-7,35211566595582;-34,3910945872304;333;110;HDG;45;140;11,81;83;10,50;344,00;3663,82;Code 0;;;;;;;;8,27;100,00
2025-01-19 23:23;2025-01-20 00:23;T+30:00;-7,17891570539363;-34,480051503432;341;99;HDG;45;140;11,63;80;10,23;355,26;3656,66;Code 0;;;;;;;;8,41;100,00
2025-01-20 00:23;2025-01-20 01:23;T+31:00;-6,99465444553267;-34,5439814191708;341;98;HDG;45;140;11,54;78;10,08;366,85;3648,29;Code 0;;;;;;;;8,49;100,00
2025-01-20 01:23;2025-01-20 02:23;T+32:00;-6,81512782503337;-34,6062446137068;333;106;HDG;45;140;11,12;79;9,74;378,16;3640,15;Code 0;;;;;;;;8,68;100,00
2025-01-20 02:23;2025-01-20 03:23;T+33:00;-6,65037502153381;-34,6907672704465;337;102;HDG;45;140;10,99;78;9,47;388,91;3633,38;Code 0;;;;;;;;8,83;100,00
2025-01-20 03:23;2025-01-20 04:23;T+34:00;-6,48560004901628;-34,7611675925785;341;96;HDG;50;135;10,16;76;8,42;399,48;3626,27;Code 0;;;;;;;;9,38;100,00
2025-01-20 04:23;2025-01-20 05:23;T+35:00;-6,33008038485169;-34,8150508874121;338;105;HDG;50;135;9,22;82;7,47;409,28;3619,24;Code 0;;;;;;;;9,85;100,00
2025-01-20 05:23;2025-01-20 06:23;T+36:00;-6,19256805497444;-34,8709400214816;326;120;HDG;50;135;8,04;85;6,81;418,07;3613,25;Spi leger;;210;0,5;;;0,50;27,27;10,15;82,88
2025-01-20 06:23;2025-01-20 07:23;T+37:00;-6,08769653462828;-34,9420814874555;334;118;HDG;51;132;7,59;91;5,96;425,19;3609,42;Spi leger;;;;;;;;10,50;93,37
2025-01-20 07:23;2025-01-20 08:23;T+38:00;-5,97749417806168;-34,99612779792;342;116;HDG;52;133;7,34;97;5,69;432,38;3604,87;Spi leger;;;;;;;;10,60;100,00
2025-01-20 08:23;2025-01-20 09:23;T+39:00;-5,86156125311708;-35,0339971527548;338;120;HDG;52;133;7,04;98;5,53;439,66;3599,60;Spi leger;;;;;;;;10,66;100,00
2025-01-20 09:23;2025-01-20 10:23;T+40:00;-5,75598826528246;-35,0768699898863;342;120;HDG;53;133;6,82;101;5,27;446,42;3595,02;Spi leger;;;;;;;;10,75;100,00
2025-01-20 10:23;2025-01-20 11:23;T+41:00;-5,6516185675758;-35,1109493393687;338;128;HDG;54;133;6,05;106;5,18;452,99;3590,28;Spi leger;;;;;;;;10,79;100,00
2025-01-20 11:23;2025-01-20 12:23;T+42:00;-5,55841276168152;-35,1487866581963;334;129;HDG;54;133;5,97;102;5,16;458,96;3586,25;Spi leger;;;;;;;;10,79;100,00
2025-01-20 12:23;2025-01-20 13:23;T+43:00;-5,46286469488075;-35,1956033709626;330;125;HDG;52;133;7,02;95;5,69;465,20;3582,33;Spi leger;;;;;;;;10,60;100,00
2025-01-20 13:23;2025-01-20 14:23;T+44:00;-5,35703603224866;-35,2569745642047;326;130;HDG;50;135;7,36;95;6,43;472,27;3578,24;Spi leger;;;;;;;;10,31;100,00
2025-01-20 14:23;2025-01-20 15:23;T+45:00;-5,2537928615732;-35,3269097330903;322;128;HDG;50;135;7,53;89;6,52;479,32;3574,52;Spi leger;;;;;;;;10,27;100,00
2025-01-20 15:23;2025-01-20 16:23;T+46:00;-5,15159376235704;-35,4070832339857;334;105;HDG;50;135;8,55;79;6,87;486,49;3571,14;Code 0;;210;0,5;;;0,50;27,30;10,12;82,82
2025-01-20 16:23;2025-01-20 17:23;T+47:00;-5,02597022008076;-35,4685938978195;338;98;HDG;50;135;9,18;76;7,39;494,73;3566,01;Code 0;;;;;;;;9,88;92,70
2025-01-20 17:23;2025-01-20 18:23;T+48:00;-4,88289552052154;-35,5266141805986;338;97;HDG;50;135;8,81;74;7,09;503,92;3559,87;Code 0;;;;;;;;10,02;100,00
2025-01-20 18:23;2025-01-20 19:23;T+49:00;-4,75198557539655;-35,579690750058;334;96;HDG;50;135;8,02;69;6,42;512,33;3554,25;Code 0;;;;;;;;10,31;100,00
2025-01-20 19:23;2025-01-20 20:23;T+50:00;-4,63067379053015;-35,6390552178714;335;86;HDG;50;135;8,28;61;6,90;520,29;3549,32;Code 0;;;;;;;;10,11;100,00
2025-01-20 20:23;2025-01-20 21:23;T+51:00;-4,50096288452269;-35,6997307325167;339;77;HDG;50;135;9,07;55;7,84;528,77;3543,99;Code 0;;;;;;;;9,67;100,00
2025-01-20 21:23;2025-01-20 22:23;T+52:00;-4,35555265647662;-35,755713508012;339;75;HDG;50;135;9,46;53;8,33;538,07;3537,70;Code 0;;;;;;;;9,43;100,00
2025-01-20 22:23;2025-01-20 23:23;T+53:00;-4,20908223177181;-35,8120935755786;343;71;HDG;50;135;9,14;53;8,13;547,43;3531,37;Code 0;;;;;;;;9,53;100,00
2025-01-20 23:23;2025-01-21 00:23;T+54:00;-4,06360347043566;-35,8566855544398;343;70;HDG;50;135;9,02;52;8,05;556,55;3524,79;Code 0;;;;;;;;9,57;100,00
2025-01-21 00:23;2025-01-21 01:23;T+55:00;-3,91982709892871;-35,9007478836846;347;68;HDG;50;135;8,78;54;7,93;565,55;3518,29;Code 0;;;;;;;;9,62;100,00
2025-01-21 01:23;2025-01-21 02:23;T+56:00;-3,77681148122731;-35,9338392732631;347;70;HDG;50;135;8,80;57;7,77;574,33;3511,54;Code 0;;;;;;;;9,71;100,00
2025-01-21 02:23;2025-01-21 03:23;T+57:00;-3,63284307498301;-35,9671456461032;347;70;HDG;50;135;9,02;57;8,04;583,17;3504,76;Code 0;;;;;;;;9,57;100,00
2025-01-21 03:23;2025-01-21 04:23;T+58:00;-3,48493248301586;-36,001358505868;335;82;HDG;50;135;9,65;56;8,20;592,25;3497,79;Code 0;;;;;;;;9,49;100,00
2025-01-21 04:23;2025-01-21 05:23;T+59:00;-3,33945764853971;-36,0693129211922;355;70;HDG;50;135;9,02;64;8,04;601,75;3491,88;Code 0;;;;;;;;9,57;100,00
2025-01-21 05:23;2025-01-21 06:23;T+60:00;-3,18697229046292;-36,0826749755951;359;72;HDG;50;135;9,34;70;8,28;610,75;3484,11;Code 0;;;;;;;;9,45;100,00
2025-01-21 06:23;2025-01-21 07:23;T+61:00;-3,0298347591244;-36,0854217807206;347;87;HDG;49;136;10,16;73;8,56;619,84;3475,82;Code 0;;;;;;;;9,31;100,00
2025-01-21 07:23;2025-01-21 08:23;T+62:00;-2,86358830179294;-36,1238526032221;347;86;HDG;47;139;10,47;73;8,96;630,05;3468,01;Code 0;;;;;;;;9,10;100,00
2025-01-21 08:23;2025-01-21 09:23;T+63:00;-2,69176366495264;-36,1635670908172;347;86;HDG;45;140;10,80;73;9,34;640,60;3459,96;Code 0;;;;;;;;8,90;100,00
2025-01-21 09:23;2025-01-21 10:23;T+64:00;-2,51297171751938;-36,2048860474305;351;80;HDG;45;140;11,15;70;9,69;651,58;3451,59;Code 0;;;;;;;;8,71;100,00
2025-01-21 10:23;2025-01-21 11:23;T+65:00;-2,33091511808138;-36,2337460928427;352;80;HDG;45;140;10,88;71;9,50;662,54;3442,71;Code 0;;;;;;;;8,81;100,00
2025-01-21 11:23;2025-01-21 12:23;T+66:00;-2,15164677618701;-36,2589593724892;356;79;HDG;45;140;10,98;75;9,63;673,29;3433,88;Code 0;;;;;;;;8,74;100,00
2025-01-21 12:23;2025-01-21 13:23;T+67:00;-1,96284820266466;-36,2721696977979;356;83;HDG;45;140;11,68;79;10,16;684,40;3424,23;Code 0;;;;;;;;8,45;100,00
2025-01-21 13:23;2025-01-21 14:23;T+68:00;-1,7693252222419;-36,285709064255;356;86;HDG;45;140;11,69;82;10,19;695,80;3414,34;Code 0;;;;;;;;8,43;100,00
2025-01-21 14:23;2025-01-21 15:23;T+69:00;-1,57453968429709;-36,2993353611893;0;83;HDG;45;140;11,68;83;10,24;707,28;3404,39;Code 0;;;;;;;;8,41;100,00
2025-01-21 15:23;2025-01-21 16:23;T+70:00;-1,37976854896689;-36,2993353466642;352;94;HDG;45;140;11,74;86;10,26;718,55;3394,07;Code 0;;;;;;;;8,40;100,00
2025-01-21 16:23;2025-01-21 17:23;T+71:00;-1,18617265585831;-36,3265499430532;352;96;HDG;45;140;11,90;87;10,48;730,18;3384,58;Code 0;;;;;;;;8,27;100,00
2025-01-21 17:23;2025-01-21 18:23;T+72:00;-0,9867978205778;-36,3545749695888;352;97;HDG;45;140;12,45;88;11,08;742,17;3374,81;Code 0;;;;;;;;15,89;100,00
2025-01-21 19:23;2025-01-21 20:23;T+74:00;-0,570996942096972;-36,413016974708;348;100;HDG;45;140;13,21;87;11,81;767,16;3354,48;Code 0;;;;;;;;15,09;100,00
2025-01-21 21:23;2025-01-21 22:23;T+76:00;-0,124543186604436;-36,5079152068593;352;100;HDG;45;140;14,17;91;12,84;794,48;3333,61;Code 0;;;;;;;;14,00;100,00
2025-01-21 23:23;2025-01-22 00:23;T+78:00;0,343440893843602;-36,5736864305672;349;98;HDG;45;140;14,59;87;13,32;822,63;3310,84;Code 0;;;;;;;;13,51;100,00
2025-01-22 01:23;2025-01-22 02:23;T+80:00;0,830282295144728;-36,6683247287237;349;93;HDG;45;141;14,62;82;13,48;852,30;3287,96;Code 0;;;;;;;;13,36;100,00
2025-01-22 03:23;2025-01-22 04:23;T+82:00;1,29870091125499;-36,7593932051436;345;92;HDG;45;140;14,41;76;13,33;880,85;3266,03;Code 0;;;;;;;;13,51;100,00
2025-01-22 05:23;2025-01-22 06:23;T+84:00;1,78025384724909;-36,888474454779;341;96;HDG;45;144;15,50;76;14,29;910,71;3244,58;Code 0;;;;;;;;12,61;100,00
2025-01-22 07:23;2025-01-22 08:23;T+86:00;2,27430799954273;-37,0587027993788;342;91;HDG;45;145;15,77;73;14,93;941,90;3223,78;Code 0;;;;;;;;12,06;100,00
2025-01-22 09:23;2025-01-22 10:23;T+88:00;2,78207219512593;-37,2238525709671;338;93;HDG;45;145;17,09;71;16,22;973,81;3202,24;Code 0;;;;;;;;11,09;100,00
2025-01-22 11:23;2025-01-22 12:23;T+90:00;3,32687490087199;-37,4442919183157;346;92;HDG;45;145;17,22;78;16,46;1008,70;3180,54;Code 0;;;;;;;;10,93;100,00
2025-01-22 13:23;2025-01-22 14:23;T+92:00;3,89380473963133;-37,5859328441902;346;101;HDG;45;145;17,82;86;16,14;1043,70;3155,48;Code 0;;;;;;;;11,14;100,00
2025-01-22 15:23;2025-01-22 16:23;T+94:00;4,45513820816043;-37,7262706709888;347;97;HDG;45;145;16,84;83;15,48;1078,36;3130,79;Code 0;;;;;;;;11,62;100,00
2025-01-22 17:23;2025-01-22 18:23;T+96:00;4,9891976741177;-37,8499967170996;347;90;HDG;45;145;15,54;76;14,74;1111,18;3107,12;Code 0;;;;;;;;12,21;100,00
2025-01-22 19:23;2025-01-22 20:23;T+98:00;5,4811305872142;-37,9640522987914;339;86;HDG;45;145;16,98;64;17,03;1141,42;3085,42;Code 0;;;;;;;;10,58;100,00
2025-01-22 21:23;2025-01-22 22:23;T+100:00;6,02714299418815;-38,1747283512391;340;86;HDG;45;145;17,73;66;18,02;1176,23;3064,06;Code 0;;;;;;;;10,05;100,00
2025-01-22 23:23;2025-01-23 00:23;T+102:00;6,5774176194039;-38,3762505805586;336;92;HDG;45;145;18,02;68;17,54;1211,17;3042,37;Code 0;;;;;;;;10,29;100,00
2025-01-23 01:23;2025-01-23 02:23;T+104:00;7,12810063658756;-38,6232239817592;332;97;HDG;45;145;18,60;68;17,60;1246,83;3022,27;Code 0;;;;;;;;10,26;100,00
2025-01-23 03:23;2025-01-23 04:23;T+106:00;7,67343219019596;-38,915657393103;341;87;HDG;45;145;17,54;67;17,56;1282,92;3004,09;Code 0;;;;;;;;10,28;100,00
2025-01-23 05:23;2025-01-23 06:23;T+108:00;8,23031681849476;-39,1092950284033;333;92;HDG;45;145;18,68;64;19,22;1318,14;2982,34;Code 0;;;;;;;;9,52;100,00
2025-01-23 07:23;2025-01-23 08:23;T+110:00;8,78391024986538;-39,3945472991888;338;87;HDG;44;145;18,10;65;20,33;1354,65;2963,92;Code 0;;;;;;;;9,15;100,00
2025-01-23 09:23;2025-01-23 10:23;T+112:00;9,34968026128431;-39,6260617367686;334;92;HDG;44;145;19,02;65;20,51;1391,01;2943,35;Code 0;;;;;;;;9,10;100,00
2025-01-23 11:23;2025-01-23 12:23;T+114:00;9,91642755862524;-39,9064859046972;334;86;HDG;44;145;18,27;60;21,12;1428,24;2924,56;Code 0;;;;;;;;8,93;100,00
2025-01-23 13:23;2025-01-23 14:23;T+116:00;10,4607717915008;-40,1762825330023;327;95;HDG;45;145;19,37;62;19,86;1464,03;2906,74;Code 0;;;;;;;;9,29;100,00
2025-01-23 15:23;2025-01-23 16:23;T+118:00;11,0012263724903;-40,5335818327881;335;90;HDG;45;145;18,20;64;18,10;1501,13;2892,30;Code 0;;;;;;;;10,00;100,00
2025-01-23 17:23;2025-01-23 18:23;T+120:00;11,5457106282917;-40,7925249847592;332;97;HDG;45;145;18,07;68;16,88;1536,79;2874,56;Code 0;;;;;;;;10,66;100,00
2025-01-23 19:23;2025-01-23 20:23;T+122:00;12,0843659602834;-41,0851950055855;328;96;HDG;45;145;19,35;64;19,38;1572,73;2858,48;Code 0;;;;;;;;9,46;100,00
2025-01-23 21:23;2025-01-23 22:23;T+124:00;12,6318539030265;-41,4355047745338;325;94;HDG;44;145;19,45;59;20,91;1610,23;2844,21;Code 0;;;;;;;;8,98;100,00
2025-01-23 23:23;2025-01-24 00:23;T+126:00;13,1643084996963;-41,8180864508001;333;90;HDG;45;145;18,39;63;19,39;1647,52;2832,07;Code 0;;;;;;;;9,46;100,00
2025-01-24 01:23;2025-01-24 02:23;T+128:00;13,732140442797;-42,1156434535125;334;102;HDG;45;145;19,95;75;19,18;1685,29;2815,51;Code 0;;;;;;;;9,54;100,00
2025-01-24 03:23;2025-01-24 04:23;T+130:00;14,3439429212473;-42,4233117082028;334;105;HDG;45;145;20,50;79;19,55;1725,75;2797,50;Code 0;;;;;;;;9,40;100,00
2025-01-24 05:23;2025-01-24 06:23;T+132:00;14,9536200791276;-42,7307515146338;331;103;HDG;44;145;20,56;73;21,32;1766,10;2779,86;Code 0;;;;;;;;8,88;100,00
2025-01-24 07:23;2025-01-24 08:23;T+134:00;15,5553780298529;-43,076602624608;335;102;HDG;44;145;20,45;76;19,99;1806,73;2764,29;Code 0;;;;;;;;9,25;100,00
2025-01-24 09:23;2025-01-24 10:23;T+136:00;16,1603427482706;-43,3699537860857;332;98;HDG;44;145;19,89;70;19,96;1846,54;2746,95;Code 0;;;;;;;;9,26;100,00
2025-01-24 11:23;2025-01-24 12:23;T+138:00;16,7474842570264;-43,6955800605657;332;95;HDG;44;145;19,84;67;21,99;1885,97;2731,90;Code 0;;;;;;;;8,73;100,00
2025-01-24 13:23;2025-01-24 14:23;T+140:00;17,3332468639146;-44,0214474727147;337;96;HDG;44;145;19,66;73;20,50;1925,34;2717,22;Code 0;;;;;;;;9,10;100,00
2025-01-24 15:23;2025-01-24 16:23;T+142:00;17,945665408794;-44,2943219914839;341;94;HDG;44;145;19,38;74;20,56;1965,15;2699,64;Code 0;;;;;;;;9,08;100,00
2025-01-24 17:23;2025-01-24 18:23;T+144:00;18,5548127241121;-44,5152511290786;342;93;HDG;44;145;19,13;75;20,30;2003,74;2680,54;Code 0;;;;;;;;9,15;100,00
2025-01-24 19:23;2025-01-24 20:23;T+146:00;19,1657302727867;-44,7250839657418;338;99;HDG;44;145;20,07;76;20,21;2042,19;2661,19;Code 0;;;;;;;;9,18;100,00
2025-01-24 21:23;2025-01-24 22:23;T+148:00;19,7858687817877;-44,9909423935697;339;103;HDG;45;145;20,30;81;19,58;2082,24;2643,84;Code 0;;;;;;;;9,39;100,00
2025-01-24 23:23;2025-01-25 00:23;T+150:00;20,4209108667541;-45,2506300251807;339;100;HDG;44;145;20,24;79;20,64;2122,99;2625,89;Code 0;;;;;;;;9,06;100,00
2025-01-25 01:23;2025-01-25 02:23;T+152:00;21,0456278800125;-45,5071447594999;344;93;HDG;45;145;19,76;77;22,40;2163,08;2608,58;Code 0;;;;;;;;8,65;100,00
2025-01-25 03:23;2025-01-25 04:23;T+154:00;21,69669042527;-45,7077004362989;344;104;HDG;46;145;20,82;87;22,50;2203,53;2588,27;Code 0;;;;;;;;8,63;100,00
2025-01-25 05:23;2025-01-25 06:23;T+156:00;22,3596807923009;-45,9128688891792;349;103;HDG;44;145;20,56;91;21,48;2244,71;2567,94;Code 0;;;;;;;;8,84;100,00
2025-01-25 07:23;2025-01-25 08:23;T+158:00;23,03546544507;-46,0553171225276;345;113;HDG;45;145;20,36;97;18,97;2285,37;2544,92;Code 0;;;;;;;;9,62;100,00
2025-01-25 09:23;2025-01-25 10:23;T+160:00;23,6812764618195;-46,2438932505962;350;111;HDG;45;145;19,09;101;17,27;2325,24;2525,29;Code 0;;;;;;;;10,44;100,00
2025-01-25 11:23;2025-01-25 12:23;T+162:00;24,2998138259227;-46,3633208449666;354;121;HDG;45;145;17,86;114;16,60;2362,24;2504,35;Code 0;;;;;;;;10,84;100,00
2025-01-25 13:23;2025-01-25 14:23;T+164:00;24,8524886636469;-46,4272198673572;355;120;HDG;45;145;16,10;114;14,62;2394,48;2484,17;Spi leger;;224;0,5;;;0,50;33,01;12,32;79,30
2025-01-25 15:23;2025-01-25 16:23;T+166:00;25,3924829703008;-46,4794189423708;359;131;HDG;45;145;16,40;129;16,02;2425,81;2464,25;Spi leger;;;;;;;;11,23;90,53
2025-01-25 17:23;2025-01-25 18:23;T+168:00;25,9272557442595;-46,4897786122416;0;134;HDG;45;145;15,89;133;15,51;2456,09;2443,07;Spi leger;;;;;;;;11,60;100,00
2025-01-25 19:23;2025-01-25 20:23;T+170:00;26,4253275387694;-46,4897785831915;8;128;HDG;45;141;14,88;136;13,53;2484,14;2423,13;Spi leger;;;;;;;;13,31;100,00
2025-01-25 21:23;2025-01-25 22:23;T+172:00;26,8590562888064;-46,421558595486;1;139;HDG;45;140;11,23;139;11,63;2507,38;2403,17;Spi leger;;;;;;;;15,28;100,00
2025-01-25 23:23;2025-01-26 00:23;T+174:00;27,2384746493011;-46,4141203111687;357;125;HDG;45;140;11,30;122;10,06;2528,68;2387,90;Spi leger;;;;;;;;17,02;100,00
2025-01-26 01:23;2025-01-26 02:23;T+176:00;27,6233425606017;-46,436852097639;9;126;HDG;45;140;11,16;134;9,99;2550,84;2373,74;Spi leger;;;;;;;;17,09;100,00
2025-01-26 03:23;2025-01-26 04:23;T+178:00;27,953904495881;-46,3776555275072;14;127;HDG;45;140;10,25;140;9,33;2568,51;2358,49;Spi leger;;;;;;;;17,81;100,00
2025-01-26 05:23;2025-01-26 06:23;T+180:00;28,2800860515877;-46,2854225485922;22;134;HDG;45;140;10,75;155;9,87;2585,40;2342,15;Spi leger;;;;;;;;17,22;100,00
2025-01-26 07:23;2025-01-26 08:23;T+182:00;28,5804482530461;-46,147386852762;26;144;HDG;45;140;8,52;169;9,29;2600,12;2325,02;Spi leger;;;;;;;;17,85;100,00
2025-01-26 09:23;2025-01-26 10:23;T+184:00;28,8467497921352;-45,9992528123529;46;127;HDG;45;140;10,62;172;9,56;2612,79;2308,84;Spi leger;;;;;;;;17,56;100,00
2025-01-26 11:23;2025-01-26 12:23;T+186:00;29,0786412844366;-45,7246908002828;39;137;HDG;47;139;9,14;176;9,07;2621,55;2288,90;Spi leger;;;;;;;;18,09;100,00
2025-01-26 13:23;2025-01-26 14:23;T+188:00;29,3174115462263;-45,50312346;323;-147;HDG;47;139;7,52;176;8,99;2631,67;2270,87;Spi leger;;;;150;0,5;0,50;14,16;18,17;100,00
2025-01-26 15:23;2025-01-26 16:23;T+190:00;29,5396102532146;-45,6954231600488;59;124;HDG;45;140;10,73;183;9,65;2647,39;2270,25;Spi leger;;;;150;0,5;0,50;14,32;17,46;100,00
2025-01-26 17:23;2025-01-26 18:23;T+192:00;29,714490667201;-45,3604159139941;55;131;HDG;45;140;10,29;186;9,50;2652,17;2250,10;Spi leger;;;;;;;;17,62;100,00
2025-01-26 19:23;2025-01-26 20:23;T+194:00;29,9133517771362;-45,0329240459291;339;-145;HDG;45;140;9,15;193;9,77;2658,63;2229,37;Spi leger;;;;150;0,5;0,50;14,34;17,34;100,00
2025-01-26 21:23;2025-01-26 22:23;T+196:00;30,1868152810666;-45,1542296427949;332;-129;HDG;50;135;9,27;203;8,44;2676,13;2224,06;Spi leger;;;;;;;;18,74;100,00
2025-01-26 23:23;2025-01-27 00:23;T+198:00;30,4580073185129;-45,3213271376488;340;-125;HDG;50;135;8,54;215;7,55;2694,18;2220,78;Spi leger;;;;;;;;19,62;100,00
2025-01-27 01:23;2025-01-27 02:23;T+200:00;30,7393099247404;-45,4403089060239;356;-136;HDG;49;136;8,74;220;8,61;2712,09;2215,25;Spi leger;;;;;;;;18,57;100,00
2025-01-27 03:23;2025-01-27 04:23;T+202:00;31,0546536428681;-45,4660137339318;1;-134;HDG;45;140;10,12;226;9,53;2730,54;2204,76;Spi leger;;;;;;;;17,59;100,00
2025-01-27 05:23;2025-01-27 06:23;T+204:00;31,4084663598782;-45,4587889078243;357;-123;HDG;45;140;11,38;233;10,16;2750,73;2191,62;Spi leger;;;;;;;;16,90;100,00
2025-01-27 07:23;2025-01-27 08:23;T+206:00;31,8004360932112;-45,482916972959;5;-134;HDG;45;140;11,68;230;11,23;2773,57;2178,51;Spi leger;;;;;;;;15,72;100,00
2025-01-27 09:23;2025-01-27 10:23;T+208:00;32,1991543862846;-45,4417681825699;2;-129;HDG;45;140;13,52;232;12,40;2795,86;2162,64;Spi leger;;;;;;;;14,46;100,00
2025-01-27 11:23;2025-01-27 12:23;T+210:00;32,6656703289919;-45,4224580375542;6;-139;HDG;45;142;14,12;226;13,79;2822,39;2145,43;Spi leger;;;;;;;;13,06;100,00
2025-01-27 13:23;2025-01-27 14:23;T+212:00;33,1579093137407;-45,36080168838;7;-140;HDG;45;145;15,77;226;16,12;2849,83;2125,80;Spi leger;;;;;;;;11,16;100,00
2025-01-27 15:23;2025-01-27 16:23;T+214:00;33,6991731576236;-45,2811269560454;11;-141;HDG;45;145;17,39;229;17,88;2879,89;2104,00;Spi;;243;0,5;;;0,50;34,96;10,11;75,15
2025-01-27 17:23;2025-01-27 18:23;T+216:00;34,2734574918645;-45,1464191403942;16;-141;HDG;45;145;17,83;235;19,59;2911,17;2079,12;Spi;;;;;;;;9,39;84,54
2025-01-27 19:23;2025-01-27 20:23;T+218:00;34,8570219322709;-44,9430849489341;9;-132;HDG;44;145;20,08;236;20,48;2942,20;2051,44;Code 0;;379;0,5;;;0,73;36,57;9,10;57,07
2025-01-27 21:23;2025-01-27 22:23;T+220:00;35,5045380969051;-44,8175216276655;14;-133;HDG;44;145;19,87;241;20,93;2978,06;2025,26;Code 0;;;;;;;;8,98;66,05
2025-01-27 23:23;2025-01-28 00:23;T+222:00;36,1650351169213;-44,6142381005407;22;-133;HDG;44;145;19,88;249;21,01;3013,82;1995,92;Code 0;;;;;;;;8,96;75,01
2025-01-28 01:23;2025-01-28 02:23;T+224:00;36,8027139934774;-44,2935418319498;35;-134;HDG;47;145;20,28;260;22,71;3047,03;1962,94;Code 0;;;;;;;;8,60;83,61
2025-01-28 03:23;2025-01-28 04:23;T+226:00;37,3666221995763;-43,7981188663629;44;-134;HDG;44;145;19,72;270;21,60;3074,27;1925,43;Code 0;;;;;;;;8,82;92,42
2025-01-28 05:23;2025-01-28 06:23;T+228:00;37,8340515265271;-43,227804842314;57;-92;HDG;45;145;18,68;324;19,24;3095,51;1888,05;Jib;;343;0,5;;;0,61;39,75;9,51;62,18
2025-01-28 07:23;2025-01-28 08:23;T+230:00;38,1589146695503;-42,5922156464809;73;-97;HDG;50;145;20,46;335;23,06;3108,25;1852,36;Code 0;;596;0,5;;;1,07;39,68;8,54;31,04
2025-01-28 09:23;2025-01-28 10:23;T+232:00;38,3495051406138;-41,7962986580193;53;-86;HDG;44;145;18,32;326;21,18;3112,19;1814,04;Code 0;;;;;;;;8,92;39,96
2025-01-28 11:23;2025-01-28 12:23;T+234:00;38,7181828937888;-41,1701079233194;62;-100;HDG;45;145;20,16;322;19,89;3128,69;1777,73;Code 0;;;;;;;;9,29;49,25
2025-01-28 13:23;2025-01-28 14:23;T+236:00;39,0320703739835;-40,4105513465786;54;-97;HDG;44;145;19,75;316;20,14;3141,46;1737,62;Code 0;;;;;;;;9,20;58,45
2025-01-28 15:23;2025-01-28 16:23;T+238:00;39,4357400246559;-39,6922444527389;47;-107;HDG;44;145;20,88;300;20,92;3160,49;1696,91;Code 0;;;;;;;;8,98;67,43
2025-01-28 17:23;2025-01-28 18:23;T+240:00;39,9131773632565;-39,0262214864323;44;-113;HDG;44;145;21,13;290;21,46;3184,81;1656,66;Code 0;;;;;;;;8,85;76,28
2025-01-28 19:23;2025-01-28 20:23;T+242:00;40,4282334649073;-38,3745005534032;65;-130;HDG;50;150;22,93;295;25,85;3211,97;1616,39;Code 0;;;;;;;;8,22;84,50
2025-01-28 21:23;2025-01-28 22:23;T+244:00;40,7491362649814;-37,466247584763;49;-112;HDG;50;150;22,05;297;25,49;3226,97;1570,82;Code 0;;;;;;;;8,25;92,74
2025-01-28 23:23;2025-01-29 00:23;T+246:00;41,2224334157836;-36,743969156988;66;-114;HDG;50;150;22,14;312;25,63;3252,54;1529,40;Code 0;;;;;;;;8,23;100,00
2025-01-29 01:23;2025-01-29 02:23;T+248:00;41,5207590233373;-35,8490178606304;67;-109;HDG;50;150;21,91;317;25,15;3267,75;1485,37;Code 0;;;;;;;;8,28;100,00
2025-01-29 03:23;2025-01-29 04:23;T+250:00;41,8065251417853;-34,9456603570579;67;-113;HDG;50;150;22,06;314;25,39;3282,98;1441,47;Jib;;295;0,5;;;0,50;43,38;8,26;64,87
2025-01-29 05:23;2025-01-29 06:23;T+252:00;42,0844834542076;-34,0631428853399;68;-106;HDG;50;150;21,49;322;26,34;3298,54;1398,77;Code 0;;606;0,5;;;1,03;43,55;8,18;29,50
2025-01-29 07:23;2025-01-29 08:23;T+254:00;42,3447130651922;-33,1913347473746;69;-114;HDG;50;145;21,83;315;24,24;3313,77;1357,06;Code 0;;;;;;;;8,38;37,88
2025-01-29 09:23;2025-01-29 10:23;T+256:00;42,6036605396013;-32,2742801540126;65;-109;HDG;50;145;21,64;315;24,25;3329,66;1313,67;Code 0;;;;;;;;8,38;46,26
2025-01-29 11:23;2025-01-29 12:23;T+258:00;42,9033846267787;-31,3969337386541;66;-103;HDG;44;145;20,56;322;20,60;3348,68;1271,24;Code 0;;;;;;;;9,07;55,32
2025-01-29 13:23;2025-01-29 14:23;T+260:00;43,1712876005907;-30,5718635007627;67;-106;HDG;45;145;18,18;321;16,42;3366,33;1231,82;Code 0;;;;;;;;10,96;66,28
2025-01-29 15:23;2025-01-29 16:23;T+262:00;43,3980641412334;-29,8364552615776;63;-110;HDG;45;145;17,11;313;15,31;3381,84;1197,07;Code 0;;;;;;;;11,75;78,04
2025-01-29 17:23;2025-01-29 18:23;T+264:00;43,6500423350839;-29,15326094268;52;-110;HDG;45;145;16,87;302;15,12;3399,12;1164,15;Code 0;;;;;;;;11,91;89,94
2025-01-29 19:23;2025-01-29 20:23;T+266:00;43,999999511002;-28,5315955484009;53;-119;HDG;45;143;15,73;293;14,09;3422,37;1132,23;Code 0;;;;;;;;12,78;100,00
2025-01-29 21:23;2025-01-29 22:23;T+268:00;44,289535136165;-27,995540982848;50;-122;HDG;45;140;14,75;287;13,25;3441,92;1105,19;Spi leger;;214;0,5;;;0,50;31,22;13,58;82,36
2025-01-29 23:23;2025-01-30 00:23;T+270:00;44,5768826104272;-27,5154875605271;39;-139;HDG;45;140;13,37;260;13,25;3461,27;1080,77;Spi leger;;;;;;;;13,58;95,94
2025-01-30 01:23;2025-01-30 02:23;T+272:00;44,8988659261229;-27,1481411186887;92;144;HDG;45;145;13,97;236;14,46;3482,26;1060,75;Spi leger;;;;184;0,5;0,56;16,00;12,46;92,39
2025-01-30 03:23;2025-01-30 04:23;T+274:00;44,8813020426291;-26,4525031319909;84;134;HDG;45;145;15,34;217;14,58;3484,98;1032,38;Spi leger;;;;;;;;12,35;100,00
2025-01-30 05:23;2025-01-30 06:23;T+276:00;44,9399438154312;-25,6584268477397;84;130;HDG;45;145;19,48;214;18,84;3493,24;998,84;Code 0;;245;0,5;;;0,50;35,17;9,67;74,51
2025-01-30 07:23;2025-01-30 08:23;T+278:00;45,0090866740349;-24,7197594999701;85;127;HDG;44;145;20,63;211;20,79;3503,66;959,21;Code 0;;;;;;;;9,02;83,52
2025-01-30 09:23;2025-01-30 10:23;T+280:00;45,0689374125884;-23,7402695848962;81;121;HDG;45;145;20,94;202;22,13;3514,55;918,04;Code 0;;;;;;;;8,71;92,23
2025-01-30 11:23;2025-01-30 12:23;T+282:00;45,1781460432181;-22,7565833319102;77;118;HDG;47;145;21,36;194;22,73;3529,14;876,04;Code 0;;;;;;;;8,59;100,00
2025-01-30 13:23;2025-01-30 14:23;T+284:00;45,3402824011043;-21,7541357110148;70;120;HDG;50;148;21,92;190;24,76;3547,73;832,67;Code 0;;;;;;;;8,32;100,00
2025-01-30 15:23;2025-01-30 16:23;T+286:00;45,5933189948625;-20,7596567218287;79;112;HDG;50;150;21,77;190;27,87;3572,23;788,73;Jib;;298;0,5;;;0,50;45,45;8,09;62,64
2025-01-30 17:23;2025-01-30 18:23;T+288:00;45,7284737882706;-19,7592262336429;80;111;HDG;48;150;21,91;191;29,52;3590,63;746,07;Jib;;;;;;;;8,02;70,65
2025-01-30 19:23;2025-01-30 20:23;T+290:00;45,8545848529313;-18,7270025763453;81;111;HDG;48;150;21,94;191;29,81;3609,58;702,29;Jib;;;;;;;;8,01;78,66
2025-01-30 21:23;2025-01-30 22:23;T+292:00;45,9675532871647;-17,6946744990498;78;108;HDG;50;150;21,75;186;31,09;3628,51;658,73;Jib;;;;;;;;8,00;86,66
2025-01-30 23:23;2025-01-31 00:23;T+294:00;46,1178579379843;-16,6705387753152;79;111;HDG;50;150;21,80;189;31,33;3650,19;615,31;Jib;;;;;;;;8,00;94,66
2025-01-31 01:23;2025-01-31 02:23;T+296:00;46,2558465583704;-15,6391848150506;76;111;HDG;50;150;21,83;187;31,00;3671,94;571,85;Jib;;;;;;;;8,00;100,00
2025-01-31 03:23;2025-01-31 04:23;T+298:00;46,4313997784059;-14,6145265702372;77;107;HDG;50;150;21,78;183;30,66;3696,38;528,63;Jib;;;;;;;;8,00;100,00
2025-01-31 05:23;2025-01-31 06:23;T+300:00;46,5938118765991;-13,587230488582;78;106;HDG;50;150;21,70;184;30,97;3720,75;485,67;Jib;;;;;;;;8,00;100,00
2025-01-31 07:23;2025-01-31 08:23;T+302:00;46,7433208495776;-12,5566899976632;72;113;HDG;50;150;21,85;185;31,02;3745,07;442,92;Jib;;;;;;;;8,00;100,00
2025-01-31 09:23;2025-01-31 10:23;T+304:00;46,9673124480307;-11,5449035154508;71;108;HDG;50;150;21,76;179;31,03;3773,77;401,29;Jib;;;;;;;;8,00;100,00
2025-01-31 11:23;2025-01-31 12:23;T+306:00;47,2017340122012;-10,5415800888003;74;109;HDG;50;155;21,42;182;32,74;3803,40;360,88;Jib;;;;;;;;8,00;100,00
2025-01-31 13:23;2025-01-31 14:23;T+308:00;47,3983438390706;-9,52636170528262;73;104;HDG;50;155;20,94;177;33,42;3831,67;320,87;Jib;;;;;;;;8,00;100,00
2025-01-31 15:23;2025-01-31 16:23;T+310:00;47,598925008782;-8,55163411496525;85;106;HDG;50;153;21,48;191;32,07;3859,91;283,75;Code 0;;299;0,5;;;0,50;45,79;8,00;62,21
2025-01-31 17:23;2025-01-31 18:23;T+312:00;47,6605926368055;-7,4917786801749;109;143;HDG;48;145;18,70;252;22,77;3882,81;242,84;Jib;;640;0,5;;;1,07;48,00;8,59;22,79
2025-01-31 19:23;2025-01-31 20:23;T+314:00;47,4697904849686;-6,67292653327553;105;107;HDG;47;150;21,91;212;30,05;3888,42;207,93;Code 0;;976;0,5;;;1,66;43,16;8,00;8,00
2025-01-31 21:23;2025-01-31 22:23;T+316:00;47,2960450704692;-5,71925416349102;105;135;HDG;50;150;21,93;240;25,25;3898,21;167,87;Code 0;;;;;;;;8,27;16,27
2025-01-31 23:23;2025-02-01 00:23;T+318:00;47,1106761661466;-4,70538360058956;102;124;HDG;50;145;21,37;225;23,12;3909,40;125,14;Code 0;;;;;;;;8,53;24,80
2025-02-01 01:23;2025-02-01 02:23;T+320:00;46,9625211402008;-3,68808582685641;105;119;HDG;50;148;21,93;224;24,69;3923,39;82,86;Code 0;;;;;;;;0,69;25,49
2025-02-01 01:33;2025-02-01 02:33;T+320:10;46,9467189861576;-3,60187582233257;101;125;HDG;50;145;21,84;225;24,29;3924,45;79,22;Code 0;;;;;;;;0,70;26,19
2025-02-01 01:43;2025-02-01 02:43;T+320:20;46,9351094700772;-3,51465684395953;106;121;HDG;50;145;21,94;227;23,92;3925,74;75,63;Code 0;;;;;;;;0,70;26,89
2025-02-01 01:53;2025-02-01 02:53;T+320:30;46,9182803651761;-3,42889565493664;110;118;HDG;50;145;21,68;227;23,36;3926,75;71,98;Code 0;;;;;;;;0,71;27,60
2025-02-01 02:03;2025-02-01 03:03;T+320:40;46,8976537658266;-3,34607878963458;110;118;HDG;48;145;21,40;227;22,80;3927,51;68,38;Code 0;;;;;;;;0,72;28,31
2025-02-01 02:13;2025-02-01 03:13;T+320:50;46,8772888051982;-3,26434187264798;110;118;HDG;45;145;21,17;228;22,29;3928,26;64,81;Code 0;;;;;;;;0,72;29,04
2025-02-01 02:23;2025-02-01 03:23;T+321:00;46,8571418779885;-3,18350908486506;114;115;HDG;44;145;21,21;229;22,02;3929,01;61,29;Code 0;;;;;;;;0,73;29,76
2025-02-01 02:33;2025-02-01 03:33;T+321:10;46,8331544137526;-3,10484482299169;106;125;HDG;44;145;20,70;230;21,83;3929,52;57,77;Code 0;;;;;;;;0,73;30,49
2025-02-01 02:43;2025-02-01 03:43;T+321:20;46,8172730616522;-3,02405638351262;115;118;HDG;44;145;21,02;232;21,71;3930,50;54,33;Code 0;;;;;;;;0,73;31,23
2025-02-01 02:53;2025-02-01 03:53;T+321:30;46,7925729359412;-2,94676951886775;110;123;HDG;44;145;20,79;233;21,69;3930,95;50,85;Code 0;;;;;;;;0,73;31,96
2025-02-01 03:03;2025-02-01 04:03;T+321:40;46,772792623582;-2,86752967674529;114;119;HDG;44;145;20,97;232;21,76;3931,71;47,39;Code 0;;;;;;;;0,73;32,69
2025-02-01 03:13;2025-02-01 04:13;T+321:50;46,7490685767308;-2,78984950725857;110;122;HDG;44;145;20,83;231;21,82;3932,24;43,90;Code 0;;;;;;;;0,73;33,42
2025-02-01 03:23;2025-02-01 04:23;T+322:00;46,7292452027223;-2,71050136966011;110;122;HDG;44;145;20,84;231;21,95;3933,00;40,44;Code 0;;;;;;;;0,73;34,15
2025-02-01 03:33;2025-02-01 04:33;T+322:10;46,7094194691989;-2,63117287843096;106;126;HDG;45;145;20,78;232;22,21;3933,78;36,97;Code 0;;;;;;;;0,72;34,87
2025-02-01 03:43;2025-02-01 04:43;T+322:20;46,6934814970078;-2,55028233558639;111;122;HDG;46;145;21,12;233;22,48;3934,78;33,52;Code 0;;;;;;;;0,72;35,59
2025-02-01 03:53;2025-02-01 04:53;T+322:30;46,672430594002;-2,47046639386225;111;123;HDG;47;145;21,13;234;22,64;3935,52;30,01;Code 0;;;;;;;;0,72;36,31
2025-02-01 04:03;2025-02-01 05:03;T+322:40;46,651364968287;-2,39062574098808;107;129;HDG;47;145;20,87;235;22,60;3936,25;26,49;Code 0;;;;;;;;0,72;37,03
2025-02-01 04:13;2025-02-01 05:13;T+322:50;46,6343817906561;-2,30986201337258;112;125;HDG;46;145;20,99;236;22,47;3937,22;23,03;Code 0;;;;;;;;0,72;37,75
2025-02-01 04:23;2025-02-01 05:23;T+323:00;46,6125089016631;-2,23114863953472;112;126;HDG;44;145;20,66;237;22,04;3937,91;19,53;Code 0;;;;;;;;0,73;38,48
2025-02-01 04:33;2025-02-01 05:33;T+323:10;46,5909799580013;-2,15370222069518;112;127;HDG;44;145;20,62;238;21,24;3938,58;16,09;Code 0;;;;;;;;0,74;39,22
2025-02-01 04:43;2025-02-01 05:43;T+323:20;46,5694922603542;-2,07643455506036;112;128;HDG;44;145;20,60;240;20,68;3939,26;12,66;Code 0;;;;;;;;0,75;39,97
2025-02-01 04:53;2025-02-01 05:53;T+323:30;46,548033333516;-1,99930066279421;111;130;HDG;44;145;20,55;241;20,35;3939,95;9,23;Code 0;;;;;;;;0,76;40,73
2025-02-01 05:03;2025-02-01 06:03;T+323:40;46,5275524605153;-1,92185013101671;116;126;HDG;45;145;20,01;241;19,11;3940,69;5,81;Code 0;;;;;;;;0,80;41,53
2025-02-01 05:13;2025-02-01 06:13;T+323:50;46,5031657145404;-1,84927693645196;118;125;HDG;45;145;19,33;242;18,00;3941,14;2,51;Code 0;;;;;;;;0,14;41,67
2025-02-01 05:14;2025-02-01 06:14;T+323:52;46,4990503201938;-1,83804659837357;;;;;;;;;3941,19;2,00;;;;;;;;;0,14;41,67